{
	"pose_origin" : {
		"translation" : {
			"x" : -529.5567216867472,  
			"y" : -298.7504994475443,
			"z" : -0.526
		},
		"orientation" : {
			"w" : 0.9952825456558961,
			"x" : 0.000110130393826175,  
			"y" : 0.0002764326762820847,
			"z" : -0.09701837851144957
		}
	},

	"imu" : {
		"frame"  : "NED",
		"dt_avg" : 0.01,
		"accelerometer_sigma" 	   : 0.01,
		"gyroscope_sigma" 		   : 0.000175,
		"integration_sigma" 	   : 0,
		"accelerometer_bias_sigma" : 0.000167,
		"gyroscope_bias_sigma" 	   : 2.91e-006,
		"velocity" : {
			"x" : 0.0,  
			"y" : 0.0,
			"z" : 0.0
		}
	},

	"gnss" : {
		"frame"  			: "NED",
		"orientation_sigma" : 0.1,
		"position_sigma" 	: 0.15
	},

	"visual_odometry" : {
		"orientation_sigma" : 0.3, 
		"position_sigma" 	: 0.175
	}
}
