{
	"pose" : {
		"translation" : {
			"x" : -529.5567216867472,  
			"y" : -298.7504994475443,
			"z" : -0.526
		},
		"orientation" : {
			"w" : 0.9952825456558961,
			"x" : 0.000110130393826175,  
			"y" : 0.0002764326762820847,
			"z" : -0.09701837851144957
		}
	},

	"imu" : {
		"dt" : 0.01,
		"velocity" : {
			"x" : 0.0,  
			"y" : 0.0,
			"z" : 0.0
		}
	}
}
