{
	"pose_origin" : {
		"translation" : {
			"x" : -526.2913715725856,  
			"y" : -301.7095966290656,
			"z" : 1.058682434627039
		},
		"orientation" : {
			"w" : 0.9904213531287158,
			"x" : 0.005926791408544917,  
			"y" : -0.016705810655338518,
			"z" : -0.13693550416393613
		}
	},

	"imu" : {
		"frame"  : "NED",
		"dt_avg" : 0.01,
		"accelerometer_sigma" 	   : 0.01,
		"gyroscope_sigma" 		   : 0.000175,
		"integration_sigma" 	   : 0,
		"accelerometer_bias_sigma" : 0.000167,
		"gyroscope_bias_sigma" 	   : 2.91e-006,
		"velocity" : {
			"x" : 0.0,  
			"y" : 0.0,
			"z" : 0.0
		}
	},

	"gnss" : {
		"frame"  			: "NED",
		"orientation_sigma" : 0.1,
		"position_sigma" 	: 0.15
	},

	"visual_odometry" : {
		"orientation_sigma" : 0.3, 
		"position_sigma" 	: 0.175
	}
}
