{
	"pose_origin" : {
		"translation" : {
			"x" : -121.22863180947962,  
			"y" : -183.51745589284232,
			"z" : 1.9016734672995754
		},
		"orientation" : {
			"w" : 0.33052611978732793,
			"x" : 0.01578587429887553,  
			"y" : -0.0046682555438895875,
			"z" : 0.9436532719707648
		}
	},

	"imu" : {
		"frame"  : "NED",
		"dt_avg" : 0.01,
		"accelerometer_sigma" 	   : 0.01,
		"gyroscope_sigma" 		   : 0.000175,
		"integration_sigma" 	   : 0,
		"accelerometer_bias_sigma" : 0.000167,
		"gyroscope_bias_sigma" 	   : 2.91e-006,
		"velocity" : {
			"x" : 0.0,  
			"y" : 0.0,
			"z" : 0.0
		}
	},

	"gnss" : {
		"frame"  			: "NED",
		"orientation_sigma" : 0.1,
		"position_sigma" 	: 0.15
	},

	"visual_odometry" : {
		"orientation_sigma" : 0.3, 
		"position_sigma" 	: 0.175
	}
}
