{
	"pose_origin" : {
		"translation" : {
			"x" : -280.9025542756954,  
			"y" : -359.0553180511526,
			"z" : -1.9684275816589285
		},
		"orientation" : {
			"w" : 0.9986823923972763,
			"x" : 0.0009339158254600656,  
			"y" : -0.014896534410592991,
			"z" : 0.049098881651597745
		}
	},

	"imu" : {
		"frame"  : "NED",
		"dt_avg" : 0.01,
		"accelerometer_sigma" 	   : 0.01,
		"gyroscope_sigma" 		   : 0.000175,
		"integration_sigma" 	   : 0,
		"accelerometer_bias_sigma" : 0.000167,
		"gyroscope_bias_sigma" 	   : 2.91e-006,
		"velocity" : {
			"x" : 0.0,  
			"y" : 0.0,
			"z" : 0.0
		}
	},

	"gnss" : {
		"frame"  			: "NED",
		"orientation_sigma" : 0.1,
		"position_sigma" 	: 0.15
	},

	"visual_odometry" : {
		"orientation_sigma" : 0.3, 
		"position_sigma" 	: 0.175
	}
}
