{
	"pose_origin" : {
		"translation" : {
			"x" : -524.2689215872633,  
			"y" : -301.40619935437604,
			"z" : 1.9744032537553486
		},
		"orientation" : {
			"w" : 0.9921598639853977,
			"x" : 0.0046983459188656655,  
			"y" : -0.01850608412686513,
			"z" : -0.12350811589686357
		}
	},

	"imu" : {
		"frame"  : "NED",
		"dt_avg" : 0.01,
		"accelerometer_sigma" 	   : 0.01,
		"gyroscope_sigma" 		   : 0.000175,
		"integration_sigma" 	   : 0,
		"accelerometer_bias_sigma" : 0.000167,
		"gyroscope_bias_sigma" 	   : 2.91e-006,
		"velocity" : {
			"x" : 0.0,  
			"y" : 0.0,
			"z" : 0.0
		}
	},

	"gnss" : {
		"frame"  			: "NED",
		"orientation_sigma" : 0.1,
		"position_sigma" 	: 0.15
	},

	"visual_odometry" : {
		"orientation_sigma" : 0.3, 
		"position_sigma" 	: 0.175
	}
}
