{
	"pose_origin" : {
		"translation" : {
			"x" : -525.3821971976685,  
			"y" : -301.05406677637353,
			"z" : 1.9448761705383029
		},
		"orientation" : {
			"w" : 0.9857083723557063,
			"x" : 0.001325114034072622,  
			"y" : -0.017655421781169068,
			"z" : -0.16752771359506463
		}
	},

	"imu" : {
		"frame"  : "NED",
		"dt_avg" : 0.01,
		"accelerometer_sigma" 	   : 0.01,
		"gyroscope_sigma" 		   : 0.000175,
		"integration_sigma" 	   : 0,
		"accelerometer_bias_sigma" : 0.000167,
		"gyroscope_bias_sigma" 	   : 2.91e-006,
		"velocity" : {
			"x" : 0.0,  
			"y" : 0.0,
			"z" : 0.0
		}
	},

	"gnss" : {
		"frame"  			: "NED",
		"orientation_sigma" : 0.1,
		"position_sigma" 	: 0.15
	},

	"visual_odometry" : {
		"orientation_sigma" : 0.3, 
		"position_sigma" 	: 0.175
	}
}
