{
	"image_width"  : 1224,
	"image_height" : 1024,

	"camera_left" : {
		"distortion" 		: [-0.4125488695305362, 0.2650456764744896, -0.000922179271626039, -0.0041616690463580006, 0.0],
		"intrinsics" 		: [1262.439675539469, 				 0.0, 651.9316006481428, 
							   				 0.0, 1266.3963947910386, 520.7071073102852, 
											 0.0, 				 0.0, 				1.0],
		"projection_matrix" : [1307.4066100961338, 				  0.0, 557.6078262329102, 0.0, 
											  0.0, 1307.4066100961338, 519.4318313598633, 0.0, 
											  0.0, 				  0.0, 				 1.0, 0.0]
	},
	
	"camera_right" : {
		"distortion" 		: [-0.4125488695305362, 0.2650456764744896, -0.000922179271626039, -0.0041616690463580006, 0.0],
		"intrinsics" 		: [1262.439675539469, 				 0.0, 651.9316006481428, 
											 0.0, 1266.3963947910386, 520.7071073102852, 
											 0.0, 				 0.0, 				1.0],
		"projection_matrix" : [1307.4066100961338, 				  0.0, 557.6078262329102, -2242.0661945683964, 
											  0.0, 1307.4066100961338, 519.4318313598633, 				  0.0, 
											  0.0, 				  0.0, 				 1.0, 				  0.0]
	},

	"stereo" : {
		"rotation" 	  : [	0.9954893158000059, 0.011347700957225561, 	0.09419263140512324, 
						 -0.009865918583171852,   0.9998203835207393, -0.016182223177053003, 
						  -0.09435934388573425, 0.015179933446069818, 	 0.9954224650077105],
		"translation" : [ -1.7143606939062086, 
						 -0.01688673275704274, 
						  -0.0393711882511088]
	}
}