{
	"image_width"  : 1224,
	"image_height" : 1024,

	"preprocess" : {
		"crop" : {
			"x0" 	 : -1,
			"y0" 	 : -1,
			"width"  : -1,
			"height" : 750
		},
		"brightness_gamma_correction" : true,
		"brightness_gain" : 1.0
	},

	"camera_left" : {
		"distortion" 		: [-0.3980, 0.2336, -0.0002, -0.0005, -0.1130],
		"intrinsics" 		: [1236.1239, 		0.0, 620.1205, 
									 0.0, 1235.4177, 534.8395, 
									 0.0, 		0.0, 	  1.0],
		"projection_matrix" : [1236.20210, 		  0.0, 814.724110, 0.0, 
									  0.0, 1236.20210, 543.957413, 0.0, 
									  0.0, 		  0.0, 		  1.0, 0.0]
	},
	
	"camera_right" : {
		"distortion" 		: [-0.3997, 0.2430, -0.0003, 0.0005, -0.1310],
		"intrinsics" 		: [1236.7399, 		0.0, 642.7828, 
									 0.0, 1236.9865, 530.3827, 
									 0.0, 		0.0, 	  1.0],
		"projection_matrix" : [1236.20210, 		  0.0, 814.724110, -2154.02262, 
									  0.0, 1236.20210, 543.957413, 		   0.0, 
									  0.0, 		  0.0, 		  1.0, 		   0.0]
	},

	"stereo" : {
		"rotation" 	  : [  0.994953, -0.0127294,  0.0995282,
						   0.013987,   0.999831,  -0.011948,
						 -0.0993592,  0.0132798,   0.994963],
		"translation" : [-1.740235, 
						 -0.009591, 
						  0.087338]
	}
}