{
	"image_width"  : 1224,
	"image_height" : 1024,

	"preprocess" : {
		"crop" : {
			"x0" 	 : -1,
			"y0" 	 : 150,
			"width"  : -1,
			"height" : 510
		},
		"brightness_gamma_correction" : 1.0
	},

	"camera_left" : {
		"distortion" 		: [-0.3825842004125013, 0.16217477406273914, 0.0007920452751556345, -0.0007170634143405521, 0.0],
		"intrinsics" 		: [1238.3410508147188, 				 0.0, 620.8308914531129, 
											  0.0, 1237.876995362497, 521.7034659708727, 
											  0.0, 				 0.0, 				1.0],
		"projection_matrix" : [1262.1871555977177, 				  0.0, 650.1979446411133, 0.0, 
											  0.0, 1262.1871555977177, 525.1087875366211, 0.0, 
											  0.0, 				  0.0, 				 1.0, 0.0]
	},
	
	"camera_right" : {
		"distortion" 		: [-0.3750352444879979, 0.14887751012850564, 0.001164718221592616, 0.0013323805306004381, 0.0],
		"intrinsics" 		: [1234.224233841103, 				 0.0, 633.4189447322753, 
											 0.0, 1234.3170153223707, 521.6138250840694, 
											 0.0, 				 0.0, 				1.0],
		"projection_matrix" : [1262.1871555977177, 				  0.0, 650.1979446411133, -2195.6673084558543, 
											  0.0, 1262.1871555977177, 525.1087875366211, 				  0.0, 
											  0.0, 				  0.0, 				 1.0, 				  0.0]
	},

	"stereo" : {
		"rotation" 	  : [   0.9959427225206906, 0.011200863549214415,  0.08928960809538014, 
						 -0.009560048328178077,   0.9997778799765944, -0.01878286946846203, 
						  -0.08948015944351906,  0.01785304918657492,   0.9958285844967015],
		"translation" : [  -1.7366884107416813, 
						 -0.005782859815646628, 
						   0.09997915174365142]
	}
}