{
	"pose" : {
		"translation" : {
			"x" : 0.9427439151613526,  
			"y" : 1.0509059665194544,
			"z" : -0.9737327970033957
		},
		"orientation" : {
			"w" : 0.8677891330809939,
			"x" : 0.012781201696915715,  
			"y" : 0.020143893153311693,
			"z" : 0.49635963268415356
		}
	},

	"imu" : {
		"dt" : 0.1,
		"velocity" : {
			"x" : 6.98390467761731,  
			"y" : 0.18333130383767,
			"z" : 0.15356837236718
		}
	}
}
