{
	"pose_origin" : {
		"translation" : {
			"x" : 0.9427439151613526,  
			"y" : 1.0509059665194544,
			"z" : -0.9737327970033957
		},
		"orientation" : {
			"w" : 0.8677891330809939,
			"x" : 0.012781201696915715,  
			"y" : 0.020143893153311693,
			"z" : 0.49635963268415356
		}
	},

	"imu" : {
		"frame"  : "ENU",
		"dt_avg" : 0.01,
		"uncertainty" : {
			"accelerometer_sigma" 	   : 0.5,
			"gyroscope_sigma" 		   : 0.1,
			"integration_sigma" 	   : 0.5,
			"accelerometer_bias_sigma" : 0.1,
			"gyroscope_bias_sigma" 	   : 0.1,
			"preintegration_bias" 	   : 0.1
		},

		"priors" : {
			"velocity" : {
				"x" :    8.9800666354344,  
				"y" : -0.080196005926315,
				"z" :  0.056655078483203
			},
			
			"accelerometer" : {
				"x" : 0.0,
				"y" : 0.0,
				"z" : 0.0
			},
			
			"gyroscope" : {
				"roll_rate"  : 0.0,
				"pitch_rate" : 0.0,
				"yaw_rate"   : 0.0
			}
		},

		"bodyTimu" : {
			"rotation"    : [    0.99995, 0.00868325, -0.00491798,
							 -0.00875116,   0.999864,  -0.0139602,
							  0.00479609,  0.0140025,     0.99989],
			"translation" : [ -1.09575, 
							   0.33909,
							 -0.746803]

		}
	},

	"gnss" : {
		"frame"  			: "ENU",
		"orientation_sigma" : 0.1,
		"position_sigma" 	: 0.15
	},

	"visual_odometry" : {
		"orientation_sigma" : 0.2,
		"position_sigma" 	: 0.175
	}
}
