{
	"image_width"  : 1241,
	"image_height" : 376,

	"preprocess" : {
		"crop" : {
			"x0" 	 : -1,
			"y0" 	 : -1,
			"width"  : -1,
			"height" : -1
		},
		"brightness_gamma_correction" : true,
		"brightness_gain" : 1.0
	},

	"camera_left" : {
		"distortion" 		: [0.0, 0.0, 0.0, 0.0, 0.0],
		"intrinsics" 		: [718.8560, 	  0.0, 607.1928, 
									0.0, 718.8560, 185.2157, 
									0.0, 	  0.0, 		1.0],
		"projection_matrix" : [7.188560000000e+02, 0.000000000000e+00, 6.071928000000e+02, 0.000000000000e+00, 
							   0.000000000000e+00, 7.188560000000e+02, 1.852157000000e+02, 0.000000000000e+00, 
							   0.000000000000e+00, 0.000000000000e+00, 1.000000000000e+00, 0.000000000000e+00]
	},
	
	"camera_right" : {
		"distortion" 		: [0.0, 0.0, 0.0, 0.0, 0.0],
		"intrinsics" 		: [718.8560, 	  0.0, 607.1928, 
									0.0, 718.8560, 185.2157, 
									0.0, 	  0.0, 		1.0],
		"projection_matrix" : [7.188560000000e+02, 0.000000000000e+00, 6.071928000000e+02, -3.861448000000e+02, 
							   0.000000000000e+00, 7.188560000000e+02, 1.852157000000e+02,  0.000000000000e+00, 
							   0.000000000000e+00, 0.000000000000e+00, 1.000000000000e+00,  0.000000000000e+00]
	},

	"stereo" : {
		"rotation"    : [ 9.993440e-01, 1.814887e-02, -3.134011e-02,
						 -1.842595e-02, 9.997935e-01, -8.575221e-03,
						  3.117801e-02, 9.147067e-03,  9.994720e-01],
		"translation" : [-5.370000e-01,
						  5.964270e-03,
						 -1.274584e-02]
	}
}